"","V1","V2","V3","V4","V5","V6","V7","V8","V9","V10","V11","V12","V13","V14","V15","V16"
"1","time","uniform","2","25","1","Dionysus","0.0232912000501528","0.0230296140071005","0.0229165779892355","0.0228926029521972","0.0229812460020185","0.0229416120564565","0.0229872900526971","0.0229545059846714","0.0229398719966412","0.0229295550379902"
"2","time","uniform","3","25","1","Dionysus","0.0220445239683613","0.021747466060333","0.0216461510863155","0.0216061670798808","0.0217289561405778","0.021680703968741","0.0216536810621619","0.0216426569968462","0.0217419660184532","0.0220753710018471"
"3","time","uniform","4","25","1","Dionysus","0.0241063730791211","0.0237364560598508","0.023671533097513","0.0236875030677766","0.0236990060657263","0.0236973110586405","0.0237247400218621","0.0237058961065486","0.0237164270365611","0.023726218030788"
"4","time","uniform","5","25","1","Dionysus","0.0240281049627811","0.02372476097662","0.0236674139741808","0.0237125768326223","0.023727940977551","0.0237662518629804","0.0237065829569474","0.0237907679984346","0.0237663749139756","0.0237830259138718"
"5","time","uniform","2","50","1","Dionysus","0.211616478045471","0.189650070038624","0.0906355059705675","0.0907516140723601","0.0909019119571894","0.0905726189957932","0.0904624769464135","0.0907796219689772","0.0906339481007308","0.0911091020097956"
"6","time","uniform","3","50","1","Dionysus","0.115829270915128","0.115093693952076","0.114889167947695","0.113704712013714","0.113563842955045","0.113630319014192","0.114559506997466","0.114669675007463","0.11511920101475","0.115332528948784"
"7","time","uniform","4","50","1","Dionysus","0.128439789172262","0.12638522812631","0.125921189086512","0.124944010050967","0.12496014602948","0.124837936018594","0.125180881121196","0.125074807088822","0.125168261001818","0.127713408088312"
"8","time","uniform","5","50","1","Dionysus","0.276599409990013","0.135091792908497","0.117592163034715","0.117233844939619","0.117519818013534","0.117717326036654","0.117340728989802","0.117640893906355","0.118166376021691","0.117620297940448"
"9","time","uniform","2","75","1","Dionysus","0.353613662999123","0.353211554000154","0.354576635989361","0.354144087992609","0.355362158967182","0.354909805115312","0.352490441058762","0.353868321049958","0.354955432936549","0.352083259029314"
"10","time","uniform","3","75","1","Dionysus","0.585597764933482","0.586543957004324","0.583379491930827","0.58222305693198","0.580530962906778","0.581497128936462","0.58752881991677","0.590209170943126","0.585753984982148","0.59317581995856"
"11","time","uniform","4","75","1","Dionysus","0.397087120916694","0.399617417016998","0.396646120003425","0.398430237080902","0.399337392067537","0.398100173100829","0.399827426997945","0.397393355029635","0.397919108974747","0.403809509123676"
"12","time","uniform","5","75","1","Dionysus","0.479590427014045","0.482642262941226","0.480043533956632","0.479029460111633","0.478244769969024","0.478928639087826","0.482335289008915","0.487585772993043","0.487673128955066","0.484785025939345"
"13","time","uniform","2","100","1","Dionysus","0.99983999307733","1.01387612195686","1.00753374304622","1.00078197999392","1.01191009802278","1.00530306296423","1.0028460919857","1.01058885606471","1.00362051906995","1.02574050310068"
"14","time","uniform","3","100","1","Dionysus","1.46136396401562","1.43815310904756","1.45322871801909","1.437327541993","1.44394001108594","1.45342094509397","1.47108769603074","1.45252614107449","1.44923530600499","1.44232377794106"
"15","time","uniform","4","100","1","Dionysus","1.17436593607999","1.17526950209867","1.15924812701996","1.17429327801801","1.1704912771238","1.18670832191128","1.17148842499591","1.16183942998759","1.17078576504719","1.17272454092745"
"16","time","uniform","5","100","1","Dionysus","1.5602103350684","1.54015102703124","1.55327110399958","1.56105795304757","1.54214397200849","1.54103110090364","1.56259350199252","1.57195608003531","1.53389071603306","1.5555891119875"
"17","time","uniform","2","125","1","Dionysus","2.66754287004005","2.72620968602132","2.66536142898258","2.66851911600679","2.67387544806115","2.67392325703986","2.69506691093557","2.75171202293132","2.69167802401353","2.67083004605956"
"18","time","uniform","3","125","1","Dionysus","3.17945888603572","3.14932058099657","3.15804515208583","3.18961982405744","3.18254793796223","3.16626773995813","3.22424930194393","3.16572688403539","3.16034872503951","3.15886852005497"
"19","time","uniform","4","125","1","Dionysus","3.22377670800779","3.20816822804045","3.21385213092435","3.25223382306285","3.27782946208026","3.25312420108821","3.2611255350057","3.2635544880759","3.3112098419806","3.32140295999125"
"20","time","uniform","5","125","1","Dionysus","6.0253536949167","5.98751445696689","6.04063004197087","5.98650788888335","6.04489635594655","5.9827244799817","5.97841100103687","5.99547424097545","5.99701527797151","5.98712345992681"
"21","time","uniform","2","150","1","Dionysus","7.92312171298545","7.83173194399569","7.84722001804039","7.89104901801329","7.87457005004399","7.9009905050043","7.80776025401428","7.82527079607826","7.8230553290341","7.83497056609485"
"22","time","uniform","3","150","1","Dionysus","9.25254528305959","9.26818923896644","9.33149722206872","9.37389095406979","9.40206747001503","9.36327978107147","9.39290085993707","9.3473133710213","9.41680329991505","9.53661711595487"
"23","time","uniform","4","150","1","Dionysus","8.15832316502929","8.16594059008639","8.06821613095235","8.02344768401235","8.01952028903179","8.07791601400822","8.06143807305489","8.07718488597311","8.16030607197899","8.03452718409244"
"24","time","uniform","5","150","1","Dionysus","5.95149529306218","6.56623082899023","5.94744541903492","5.97092054504901","5.94559611205477","6.02718765905593","6.29594799608458","5.97948757291306","6.00305229402147","5.975002976018"
"25","time","uniform","2","175","1","Dionysus","14.3142883050023","14.1415098180296","13.9699945989996","14.1578092130367","14.1611563899787","14.2565005630022","14.0757216069615","14.0772792410571","14.1908188490197","14.2027829180006"
"26","time","uniform","3","175","1","Dionysus","10.7454894869588","10.7351852500578","10.5803165050456","10.7856688629836","10.7803911500378","10.8295154710067","10.6819034910295","10.6988034319365","10.7316468450008","10.7115474240854"
"27","time","uniform","4","175","1","Dionysus","13.3806665269658","13.0314501798712","12.9172137998976","12.8484441578621","13.2876132118981","12.8988342710072","12.8944878650364","12.8492979499279","12.6685051729437","12.7674245960079"
"28","time","uniform","5","175","1","Dionysus","16.6802550299326","15.9766829698347","15.627629725961","15.9344554919517","15.6787516679615","15.6220963269006","15.7192503400147","15.5701672999421","16.1383667768678","15.7318434088957"
"29","time","uniform","2","200","1","Dionysus","25.9153224149486","26.0110984829953","25.9428925380344","25.6493770729285","25.583524239948","25.7463382571004","25.4452174740145","25.3910804400221","25.3257291720947","25.592301725992"
"30","time","uniform","3","200","1","Dionysus","21.6472749339882","21.6952702740673","21.6821779360762","21.3386310280766","21.6808469319949","21.725621495978","21.7237598520005","21.627982503036","21.6126316121081","21.3917825630633"
"31","time","uniform","4","200","1","Dionysus","28.8529144659406","29.0572801609524","29.2504468519473","28.7109389109537","28.9488607739331","28.5680679329671","28.6321454170393","28.7506275719497","28.7928695558803","28.9648751439527"
"32","time","uniform","5","200","1","Dionysus","26.9914153640857","26.4196931759361","25.9015224409522","26.2952608879423","25.8589785699733","25.7697220109403","25.9193652530666","26.410854634014","26.925724569126","26.2422538519604"
"33","time","uniform","2","225","1","Dionysus","22.5183078519767","21.6761016559321","22.0333378469804","21.7657181039685","22.2463843729347","22.1225369389867","22.1802697589155","21.9005087509286","22.0448755469406","21.9149645669386"
"34","time","uniform","3","225","1","Dionysus","47.4184892390622","48.4390836519888","47.1635281519266","47.5754944040673","47.5468650349649","47.652207312989","47.9650817390066","47.6644546339521","47.949437784031","47.7233603909845"
"35","time","uniform","4","225","1","Dionysus","37.2081901249476","36.9423296479508","37.2325515820412","37.0420702559641","37.5978061960777","37.4725709750783","37.0011514479993","37.309051254997","37.1001619159942","37.0553717389703"
"36","time","uniform","5","225","1","Dionysus","60.0521579718916","60.0570989620173","60.4516945560463","59.5627624250483","59.3366869329475","59.4386605890468","59.6845506140962","59.4095496759983","60.5512362470618","59.5033646420343"
"37","time","uniform","2","250","1","Dionysus","41.8214342250722","41.9396683300147","41.7165930699557","41.5294190540444","41.7210662029684","41.7837208590936","42.0646769800223","41.8868395070313","41.8070477030706","42.17364081298"
"38","time","uniform","3","250","1","Dionysus","43.7036312740529","43.7042472700123","43.8716663850937","43.8050392321311","43.4138824371621","44.4255668880651","44.1471648621373","43.513892547111","43.8225352970185","44.4491694980534"
"39","time","uniform","4","250","1","Dionysus","38.0009308840381","37.9645503760548","38.3488528499147","38.6944735059515","38.5471774709877","37.819861536962","38.1928194819484","38.2970396999735","38.0463456970174","38.5640788379824"
"40","time","uniform","5","250","1","Dionysus","52.6777201810619","54.063623317983","53.4692652400117","54.0807988269953","53.7929561439669","53.3232001130236","53.4385296819964","52.7331467469921","52.864143557963","52.7451743570855"
"41","time","uniform","2","275","1","Dionysus","65.2732906480087","66.1211192499613","66.1602956269635","66.0394509220496","65.0946341119707","66.3334316840628","66.6883878050139","66.273932468961","66.7755689070327","65.8472124721156"
"42","time","uniform","3","275","1","Dionysus","93.6777228510473","92.8987874060404","93.0700292791007","92.3953255499946","93.1362289789831","93.4331682670163","93.1305935621494","92.5818682060344","93.4427504790947","92.7049898491241"
"43","time","uniform","4","275","1","Dionysus","75.8376355480868","76.4300886930432","78.7956594460411","78.5818017009879","76.6384596680291","76.6711237890413","75.7013201860245","76.4947686770465","76.6813027820317","77.1508578980574"
"44","time","uniform","5","275","1","Dionysus","80.8975949421292","80.4958955069305","80.8201366771245","81.4660212140298","80.5323529460002","80.9985069930553","81.2648112711031","80.8931304130238","80.4746902490733","81.1208052691072"
"45","time","uniform","2","300","1","Dionysus","131.116719122045","131.836102438974","130.015223708004","129.473637185059","130.761576057994","130.096478876076","130.748841966968","128.682413670002","130.762023387011","130.94578265294"
"46","time","uniform","3","300","1","Dionysus","148.622522010934","152.525539124035","151.625526305055","150.141042514006","151.381794241024","151.711716042017","152.417906846036","151.765612335992","150.765193604981","151.927960394998"
"47","time","uniform","4","300","1","Dionysus","127.673275879933","126.234252318973","128.620467512053","127.379125185078","129.227565889945","127.502566248993","128.567957562977","128.377904269029","128.477517493069","127.969257824006"
"48","time","uniform","5","300","1","Dionysus","151.908339103102","152.318657547934","151.861972640036","150.281227344996","150.927405575989","150.825854492025","150.868800938013","149.95914487401","149.956387137063","149.57414194895"
"49","time","uniform","2","325","1","Dionysus","231.724313972052","231.632241184008","232.487960295053","235.570866654045","234.024397424073","232.462149950094","233.241272475105","232.701452155015","232.358811016078","233.22380800813"
"50","time","uniform","3","325","1","Dionysus","185.078630352975","185.10353097599","185.306216466008","182.567167656962","184.467922591954","185.24058194703","184.929430154036","183.724567765021","183.788837149041","184.373932407005"
"51","time","uniform","4","325","1","Dionysus","171.897216127021","174.176879386068","173.589197892114","173.205871482962","170.870717154001","172.489121299004","171.377842081012","173.025450702989","170.66374389804","172.377284187009"
"52","time","uniform","5","325","1","Dionysus","235.556374373031","237.950538689969","237.240189892007","236.188511644956","237.121094422066","236.475737933069","235.675635666004","235.639013567008","238.306944889016","235.902385121095"
"53","time","uniform","2","350","1","Dionysus","259.465062669944","254.204044296988","255.593388144975","253.187308105989","254.584462904022","252.843280878966","255.464223530027","254.735358495032","253.64855119295","253.686774258967"
"54","time","uniform","3","350","1","Dionysus","175.117190327961","173.683649679995","177.612840590067","176.960727800964","174.908809851971","178.627280910034","176.472208355088","178.859977280023","177.525396939949","179.481392619084"
"55","time","uniform","4","350","1","Dionysus","170.72187277209","168.616318819113","166.552260893048","169.716897495091","169.176949279034","166.922218097025","169.004939905135","167.497008518083","166.695874492056","170.657091485104"
"56","time","uniform","5","350","1","Dionysus","124.944522137986","122.986176047008","126.645378394052","125.227805946022","122.586434833007","124.194125621114","125.918243813096","121.73899298301","121.565596189001","123.788681349019"
"57","time","uniform","2","375","1","Dionysus","157.587703555007","158.96719843708","158.502553236089","158.107292431989","160.273846369004","159.412046830985","161.680335580022","160.987864429946","159.143594407011","160.97074047802"
"58","time","uniform","3","375","1","Dionysus","348.836061830865","352.432896822924","348.756208629929","347.939769675955","349.784091496957","349.197159482981","350.231210570899","350.390342967934","347.993986848975","349.482843821985"
"59","time","uniform","4","375","1","Dionysus","285.885944597074","285.598499480053","284.757896173978","286.88570865395","285.009013777017","284.055467159022","287.65936337295","286.869386430015","286.510949285934","286.775063229958"
"60","time","uniform","5","375","1","Dionysus","244.858982236008","243.387739139027","243.429770726943","239.374482399086","242.106952282018","240.242725406075","240.963059903006","241.617931892048","239.74997290899","241.741143828025"
"61","time","uniform","2","400","1","Dionysus","389.458602018072","390.074971269001","388.351629027049","390.334277066053","392.072878516046","393.422110359068","390.846804456087","391.187318929937","389.989726506057","388.828288550023"
"62","time","uniform","3","400","1","Dionysus","255.842034169007","255.830213186098","256.048753274023","255.693188161007","259.127949991031","253.933232760057","255.449458340998","256.526992324973","254.08750262903","254.249396504951"
"63","time","uniform","4","400","1","Dionysus","449.280116279959","447.26552433602","439.159956395044","448.726904678042","438.218030111981","441.548296815017","438.581223436049","436.50675646693","434.893449468073","445.61265176197"
"64","time","uniform","5","400","1","Dionysus","424.218846422038","422.837323109037","425.912633597036","425.083170201164","425.770188783994","422.741363057983","425.740897933021","423.147317141062","421.138250316144","422.301185010001"
"65","time","uniform","2","425","1","Dionysus","805.301003705012","816.378821389051","808.260222222074","808.911534012994","806.994569500093","807.362869980978","808.331429142971","808.473351505003","807.645611720975","808.624354573083"
"66","time","uniform","3","425","1","Dionysus","662.900411195005","666.359292558976","662.881465080078","666.292678948026","662.93029595702","659.008125807042","661.05560738896","661.228453662945","664.488103813957","659.990781944012"
"67","time","uniform","4","425","1","Dionysus","486.881878264947","487.968857938075","490.171428652946","488.794040850014","489.941089384956","489.658083719085","489.526612374","489.511249742005","488.954571550945","489.202160823974"
"68","time","uniform","5","425","1","Dionysus","522.559164083097","522.098214854021","521.301107960055","522.344349640072","524.324712850037","522.567817061092","523.645473357989","522.564186668955","525.335018715938","521.796365616028"
"69","time","uniform","2","450","1","Dionysus","898.367840843974","901.665313869016","899.337563987006","899.200093007996","896.656566086924","894.297386432998","895.06773319596","891.345954105956","887.759849491995","892.191938829958"
"70","time","uniform","3","450","1","Dionysus","605.165921707987","595.193641808","605.996183588053","601.245865401928","607.641153260949","598.258386164904","604.522391823935","602.915796739981","601.803090244066","596.617410272011"
"71","time","uniform","4","450","1","Dionysus","635.777971552103","639.055435494054","639.305026542046","640.556533923955","641.539090004982","638.206891273032","637.655114377965","641.728201844031","640.880351552973","638.11457801098"
"72","time","uniform","5","450","1","Dionysus","573.175991357071","572.330410061986","568.584373089019","569.600874788011","572.038385570049","567.884045679937","569.692252720008","568.289402517024","569.412200505962","570.352095444105"
"73","time","uniform","2","475","1","Dionysus","440.34510816203","440.872135629994","443.67244463705","442.263323510997","444.140987320105","443.611701640999","439.077378839022","443.256000309018","440.365477235988","438.07335137995"
"74","time","uniform","3","475","1","Dionysus","778.066714156885","779.075533671887","781.949317820952","787.075598623022","785.400206790888","793.078784546931","784.426957382006","782.311992542003","787.645915679983","785.19712621998"
"75","time","uniform","4","475","1","Dionysus","681.798000261886","679.770976239932","681.10580774094","679.101596241933","677.069930043886","671.549713011016","674.841829210985","672.478706256952","683.20023618103","672.114418393932"
"76","time","uniform","5","475","1","Dionysus","603.194095268962","603.891173440032","600.543373244","602.510130043025","600.418960700976","597.131090973038","591.498161021969","596.624734967016","593.462175868917","595.586286954"
"77","time","uniform","2","500","1","Dionysus","1138.63976270391","1138.44277443294","1115.29709012003","1131.82256964501","1142.38931436301","1149.41255564196","1118.58408800897","1113.08806294587","1120.29853615398","1133.93923539703"
"78","time","uniform","3","500","1","Dionysus","462.758040576009","468.431026389939","461.450599753996","463.000396830961","464.907929296023","463.92450986302","468.16795779008","464.115834277938","466.520282573998","466.141222181963"
"79","time","uniform","4","500","1","Dionysus","1059.10691872914","1054.59793389204","1057.10544639803","1054.94688079506","1052.71865101601","1036.98976450402","1033.01787601307","1021.49410392204","1020.47315851401","1018.23767340009"
"80","time","uniform","5","500","1","Dionysus","368.714184237993","373.181266263011","364.943850704003","366.496217660839","370.378508862923","364.62402486091","363.736367497942","367.708137396025","361.309901756933","362.810115214903"
"81","time","uniform","3","20","2","Dionysus","0.0209573849570006","0.0211224210215732","0.0209241359261796","0.021041402942501","0.0208553329575807","0.0209342630114406","0.0208650839049369","0.0208023809827864","0.0208384129218757","0.0208022219594568"
"82","time","uniform","4","20","2","Dionysus","0.0221701429691166","0.022018100018613","0.0220370668685064","0.0219867549603805","0.0219722189940512","0.0219864679966122","0.0220457279356197","0.0220441679703072","0.0220304490067065","0.022034780937247"
"83","time","uniform","5","20","2","Dionysus","0.0194231459172443","0.0193913478869945","0.0194205119041726","0.0193740788381547","0.0194276729598641","0.0194824410136789","0.019381673890166","0.0195327549008653","0.0195289689581841","0.0194398369640112"
"84","time","uniform","3","40","2","Dionysus","0.418131278129295","0.420428945100866","0.420788255054504","0.420969949103892","0.422408330021426","0.422601004131138","0.422033272101544","0.421136348159052","0.420773982070386","0.419359749183059"
"85","time","uniform","4","40","2","Dionysus","0.45191796508152","0.448283705045469","0.448067847988568","0.455083999084309","0.477868447080255","0.450518531957641","0.448388941003941","0.454477800987661","0.451148728025146","0.449965122970752"
"86","time","uniform","5","40","2","Dionysus","0.494454788044095","0.496803044108674","0.499692139099352","0.498805144103244","0.500836392049678","0.503106890129857","0.500253884121776","0.497466289089061","0.497353009064682","0.503514936077408"
"87","time","uniform","3","60","2","Dionysus","3.1571818869561","3.13174158299807","3.13085072406102","3.13280037790537","3.14636014099233","3.16116086405236","3.20934105897322","3.19560809398536","3.20077447593212","3.21242842404172"
"88","time","uniform","4","60","2","Dionysus","3.18872645311058","3.19177305605263","3.18009804398753","3.1806709630182","3.19045718805864","3.17907158506569","3.17774091905449","3.19570284802467","3.19329966802616","3.188072875957"
"89","time","uniform","5","60","2","Dionysus","3.1336949900724","3.13332504103892","3.13222117500845","3.13896927202586","3.14940027310513","3.13516892003827","3.13649439800065","3.13174053409602","3.13482822012156","3.11887637106702"
"90","time","uniform","3","80","2","Dionysus","13.8767264069756","13.9023609559517","13.9298923839815","13.8940418550046","13.8254649789305","13.798749982845","13.8603207799606","13.8914467819268","13.8709101058776","13.9235666939057"
"91","time","uniform","4","80","2","Dionysus","17.0602221669396","17.0368546299869","17.081539575127","17.0105249410262","17.0371378000127","17.0341879531043","18.4416802639607","17.9420902229613","17.9402663330548","17.9288379870122"
"92","time","uniform","5","80","2","Dionysus","13.2463615209563","13.1978611779632","13.2693973290734","13.2632991980063","13.2965600620955","13.2613620429765","13.3789739400381","13.2144717059564","13.2730676990468","13.2554502880666"
"93","time","uniform","3","100","2","Dionysus","28.9391502951039","29.1407824790804","29.1046050409786","29.0298401940381","28.8229450990912","28.991076795035","29.192384196911","29.0910823679296","29.1376045279903","29.0561259610113"
"94","time","uniform","4","100","2","Dionysus","69.598244806868","69.169195616967","72.0818445549812","69.3560197978513","69.8512288290076","70.2285058439011","69.4656784089748","69.4297316079028","68.9871473639505","68.7965642259223"
"95","time","uniform","5","100","2","Dionysus","46.4226003509248","46.4591246539494","46.496615627897","46.5610711158952","46.6228605739307","46.5870229029097","46.5198901279364","46.7151396508561","46.951491799904","46.7833544989116"
"96","time","uniform","3","120","2","Dionysus","81.9821021730313","82.2410526700551","82.4665663529886","82.3793518680613","83.0198572450317","83.8490606279811","84.9196745731169","82.6555602450389","82.3029634890845","81.9784919481026"
"97","time","uniform","4","120","2","Dionysus","83.8626398890046","84.5823740069754","81.1162640569964","81.0986842039274","81.1071264259517","81.0060481390683","81.1771513930289","81.0019759510178","81.3554757150123","81.2471268870868"
"98","time","uniform","5","120","2","Dionysus","145.02233126096","145.002679157886","145.646805546945","146.44262556592","149.032010492869","145.701714594034","145.258966104942","144.378075969056","145.011916258954","145.598212450976"
"99","time","uniform","3","140","2","Dionysus","150.348038870143","151.033370609977","149.5293404361","148.440808190033","148.492903071106","149.369831533055","149.899248059024","152.63863899","149.91478185507","149.193374472088"
"100","time","uniform","4","140","2","Dionysus","231.167395696044","231.862698875018","231.966198674054","232.419671433046","232.338487291127","233.684530743049","231.042568481062","228.462161047035","233.556726101087","234.764572579064"
"101","time","uniform","5","140","2","Dionysus","152.427559690084","152.071601060103","153.539536929107","157.375696299132","151.995480866055","152.450982046197","152.080797548173","152.552389175049","151.811248338083","152.611991168"
"102","time","uniform","3","160","2","Dionysus","309.417778325034","308.134602643084","309.260369885131","310.704006028012","308.406685851049","309.094334071036","309.808154360042","306.68043406005","306.298514349153","306.179499690072"
"103","time","uniform","4","160","2","Dionysus","932.118043545051","957.018593111075","964.277971644071","957.110393721028","940.581756212981","962.800526014995","963.424095398979","954.849430895993","962.887435262091","948.743361052009"
"104","time","uniform","5","160","2","Dionysus","679.284343569889","680.094400479924","683.970386959962","693.719665906043","689.37859810493","683.326201069867","690.3280098869","678.746541221975","680.994455348002","687.603690398973"
"105","time","uniform","3","180","2","Dionysus","414.451447197935","409.069733563811","410.019010757911","410.508878677967","410.27237156895","409.30375069601","414.136583359912","407.840474600904","407.261317222845","409.861049982836"
"106","time","uniform","4","180","2","Dionysus","723.828733136063","722.617960211122","716.821156110032","715.630478822975","714.648552280967","726.680104251951","719.861804520013","716.06529743399","716.619503436028","724.555676526972"
"107","time","uniform","5","180","2","Dionysus","834.548541639117","860.15151855303","854.94328350306","856.945881019114","840.169149530004","829.930175501038","836.565226448118","845.333130362094","854.248744218028","853.138947686064"
"108","time","uniform","3","200","2","Dionysus","739.943280485109","739.225463227136","744.175618331064","740.536496718065","739.64352517901","750.346413378138","753.28839704697","746.509968318045","749.993828412029","757.195232927101"
"109","time","uniform","4","200","2","Dionysus","1182.24654732901","1165.57475111703","1165.94292238809","1170.47130573401","1221.933708556","1153.73233219294","1148.91170424898","1175.46481915109","1151.25235805602","1168.61377201101"
"110","time","uniform","5","200","2","Dionysus","1921.06571384601","1884.61060619296","1877.60638206906","1925.96857363801","1918.37299676798","1948.37786966097","2636.21366466302","2243.30296037404","2019.55397690996","1958.25423577998"
"111","time","uniform","4","10","3","Dionysus","0.00182188698090613","0.00182389502879232","0.00180884310975671","0.00181228702422231","0.00180803902912885","0.0018193400464952","0.001809480949305","0.00181407702621073","0.00180892099160701","0.0018100090092048"
"112","time","uniform","5","10","3","Dionysus","0.00181141297798604","0.00178889406379312","0.00181145395617932","0.00179288000799716","0.00180335401091725","0.001790224108845","0.00180178310256451","0.00179578096140176","0.00180835998617113","0.00179245800245553"
"113","time","uniform","4","20","3","Dionysus","0.0855335450032726","0.0850716070272028","0.0855123919900507","0.0849598449422047","0.0852132439613342","0.0851263940567151","0.0848908730549738","0.0869754459708929","0.0857176170684397","0.0847145359730348"
"114","time","uniform","5","20","3","Dionysus","0.0822504330426455","0.0823995009995997","0.0826345919631422","0.0823415491031483","0.0822617670055479","0.0823428289731964","0.0820234300335869","0.0822339979931712","0.0823162540327758","0.0823741820640862"
"115","time","uniform","4","30","3","Dionysus","0.877079919097014","0.863996460102499","0.874594360939227","0.861197122023441","0.867130776983686","0.864932197029702","0.866259458009154","0.862084351945668","0.866482987068594","0.86943031696137"
"116","time","uniform","5","30","3","Dionysus","0.869493498001248","0.87029028206598","0.867675960063934","0.867706945049576","0.875058872974478","0.868961165077053","0.882778806029819","0.879248098935932","0.882384515018202","0.877477357978933"
"117","time","uniform","4","40","3","Dionysus","4.29445185908116","4.29408782487735","4.30205383896828","4.30410915100947","4.30616069491953","4.29489054298028","4.29442457889672","4.29832018597517","4.29551468696445","4.27946046099532"
"118","time","uniform","5","40","3","Dionysus","4.92251483898144","4.9215075399261","4.91459656902589","4.92323614098132","4.92501592996996","4.93148457992356","4.93260051088873","4.9406891069375","4.98513795493636","4.92736398789566"
"119","time","uniform","4","50","3","Dionysus","15.4884710711194","15.5204004150582","15.4393026030157","15.4273832601029","15.3765125961509","15.4165215800749","15.4604189160746","15.5139687800547","15.3462792751379","15.3991384430556"
"120","time","uniform","5","50","3","Dionysus","18.9548939878587","18.7242999589071","18.8818541639484","18.7989752339199","20.5461465489352","20.0056871299166","19.7865763459122","19.641160827945","19.6813891649945","19.6728599919006"
"121","time","uniform","4","60","3","Dionysus","41.0885021600407","41.0544380981009","40.8613273919327","40.1537535849493","40.1896032439545","40.2570414340589","40.1502871380653","40.0739481979981","40.557524621021","40.049885412096"
"122","time","uniform","5","60","3","Dionysus","47.4942694019992","46.2218342380365","46.4634189490462","48.0823900990654","46.4757881900296","46.2833001289982","48.0739502890501","46.5150448710192","47.2896917029284","46.9246658789925"
"123","time","uniform","4","70","3","Dionysus","127.810925962985","127.532640686957","127.652395543992","127.300729477894","126.55288591003","126.545836881967","127.032728475053","127.089794751024","127.409876613063","127.527302127099"
"124","time","uniform","5","70","3","Dionysus","123.294901159126","122.941025346983","122.628354249988","122.699732057052","122.633281477029","122.113188606105","121.263702205964","124.064999605063","123.236976664979","121.46211270499"
"125","time","uniform","4","80","3","Dionysus","189.872094710008","191.027962990105","191.574003403075","188.858145455131","188.362047477975","189.109984738054","188.774731312064","191.391701375134","192.461283025099","191.329195126076"
"126","time","uniform","5","80","3","Dionysus","221.564995217952","222.858087352128","224.461773662944","223.857723155059","221.853061773116","222.116300510126","219.702343304059","223.352729395032","219.571113744052","223.785682565067"
"127","time","uniform","4","90","3","Dionysus","453.954157486907","451.845115966978","451.119771496044","449.856834710925","453.762610121979","452.938275297056","454.194279675023","453.921374737984","452.292446944979","453.633067748975"
"128","time","uniform","5","90","3","Dionysus","446.088382186019","443.06823621795","444.792391791008","443.731941138976","445.035537054995","443.63537224906","442.505723712035","442.628734107013","438.000691283029","697.562796249986"
"129","time","uniform","4","100","3","Dionysus","1146.614819368","1197.69909311796","1223.78491957102","1138.51598127594","1144.60229390603","1135.29889950389","1137.771672128","1163.41859536606","1182.73708618595","1179.54051901598"
"130","time","uniform","5","100","3","Dionysus","943.247211552109","935.018958832021","940.085736862035","935.502898531035","937.281390063115","941.763423177064","943.747178665129","935.577034818009","935.162481019972","930.565818508039"
"131","time","uniform","5","10","4","Dionysus","0.00252693402580917","0.00250507786404341","0.00249847094528377","0.00249842996709049","0.00250227993819863","0.00253134884405881","0.0024906249018386","0.00248616596218199","0.00251562194898725","0.00248425593599677"
"132","time","uniform","5","15","4","Dionysus","0.0362263539573178","0.0349487910280004","0.0349200859200209","0.0349206319078803","0.0348287730012089","0.0386621069628745","0.0617703530006111","0.0348626660415903","0.0348088019527495","0.0350471349665895"
"133","time","uniform","5","20","4","Dionysus","0.235302416025661","0.244840093073435","0.237136124051176","0.234905867953785","0.234478421043605","0.236385545926169","0.237910962081514","0.23744205001276","0.235232325037941","0.235259985085577"
"134","time","uniform","5","25","4","Dionysus","1.29594384809025","1.31146768899634","1.29220350994729","1.30648085405119","1.30901335109957","1.29980583093129","1.32372634194326","1.30100991402287","1.29790670401417","1.30631877109408"
"135","time","uniform","5","30","4","Dionysus","4.9855370009318","4.99366664304398","4.98105391603895","4.97330282896291","4.99375643895473","4.97490036603995","5.00618944806047","4.9991915950086","5.01387087395415","4.99878654500935"
"136","time","uniform","5","35","4","Dionysus","20.9139828069601","21.3059434508905","20.8365735409316","20.4410772899864","20.4580945778871","20.3942498649703","20.3156815760303","20.60124287894","20.9633984540123","21.0073216930032"
"137","time","uniform","5","40","4","Dionysus","31.7833126719343","31.0220244149677","30.9866558549693","32.5506901389454","31.9921215989161","31.5024679700145","32.8829320999794","31.7074743568664","31.7310433848761","31.7816214679042"
"138","time","uniform","5","45","4","Dionysus","91.0963574369671","93.5266244979575","92.1233530730242","92.4457349240547","92.9001730580349","90.1776687860256","89.1054659580113","89.3509476559702","90.0110885860631","95.4587049940601"
"139","time","uniform","5","50","4","Dionysus","172.908507211017","172.915153634036","174.747823902988","174.374402248999","180.999158067978","177.002630866016","174.624766443041","176.96420785808","174.05157273903","186.040528315003"
"140","time","uniform","2","25","1","GUDHI","0.00179514812771231","0.00629684701561928","0.00590108009055257","0.00972595508210361","0.00581073598004878","0.00147643603850156","0.00142479606438428","0.00112045311834663","0.00865123094990849","0.00394719804171473"
"141","time","uniform","3","25","1","GUDHI","0.00377345201559365","0.00568643107544631","0.00285951397381723","0.00139128509908915","0.00120029912795871","0.00150198698975146","0.00121688703075051","0.0198563990416005","0.00395467504858971","0.00288501707836986"
"142","time","uniform","4","25","1","GUDHI","0.00573234190233052","0.00113675685133785","0.001278918934986","0.00142473191954195","0.00551504793111235","0.00110798887908459","0.00118095381185412","0.0012672048760578","0.00344813393894583","0.00334642990492284"
"143","time","uniform","5","25","1","GUDHI","0.00531406397931278","0.00334994494915009","0.00141228805296123","0.0014061180409044","0.00154130300506949","0.00123192300088704","0.00133594393264502","0.00122417300008237","0.00134483899455518","0.0011897380463779"
"144","time","uniform","2","50","1","GUDHI","0.00783439993392676","0.00705204089172184","0.0118245468474925","0.0121574598597363","0.00736551394220442","0.00708739599213004","0.0116479409625754","0.00736780487932265","0.00705937785096467","0.00706849584821612"
"145","time","uniform","3","50","1","GUDHI","0.0077254610368982","0.0148732730885968","0.00729036505799741","0.00834431196562946","0.00716257200110704","0.00749572599306703","0.00781425193417817","0.00753211998380721","0.00720236299093813","0.00719286000821739"
"146","time","uniform","4","50","1","GUDHI","0.00770315993577242","0.00709603796713054","0.00757120503112674","0.00724168191663921","0.00724882609210908","0.00723491096869111","0.00723558699246496","0.0070857050595805","0.0073826260631904","0.00707980198785663"
"147","time","uniform","5","50","1","GUDHI","0.00735579500906169","0.00923125399276614","0.00707204604987055","0.00705401692539454","0.00702208105940372","0.00725921103730798","0.00713543698657304","0.00699112599249929","0.00698849593754858","0.00708975712768734"
"148","time","uniform","2","75","1","GUDHI","0.0244822141248733","0.0281375790946186","0.0240661950083449","0.0240178079111502","0.0240064549725503","0.0239834160311148","0.0240777319995686","0.0240299919387326","0.0240796731086448","0.023794410051778"
"149","time","uniform","3","75","1","GUDHI","0.0243216099916026","0.0240758730797097","0.0243061609799042","0.0243905399693176","0.0244260840117931","0.0242840780410916","0.0243511130101979","0.0242083970224485","0.0241957940161228","0.0285545940278098"
"150","time","uniform","4","75","1","GUDHI","0.0248895898694173","0.024027016828768","0.0243227729806677","0.0243660889100283","0.0243682268774137","0.0241254948778078","0.023990728892386","0.0242264328990132","0.0243191339541227","0.0242645158432424"
"151","time","uniform","5","75","1","GUDHI","0.0244539750274271","0.024209231021814","0.0243188310414553","0.0244844660628587","0.0243678799597546","0.0247915399959311","0.0240169079042971","0.0240282970480621","0.0275072689400986","0.0243121769744903"
"152","time","uniform","2","100","1","GUDHI","0.0613114311126992","0.0600997410947457","0.0602251790696755","0.0591862120199949","0.0602854221360758","0.0615809981245548","0.0617355019785464","0.060668696067296","0.0601382430177182","0.0601021130569279"
"153","time","uniform","3","100","1","GUDHI","0.0607271970948204","0.0596702069742605","0.059050204930827","0.0587427919963375","0.0596733040874824","0.0602075720671564","0.0647404249757528","0.0599047630093992","0.0594677550252527","0.0588229050626978"
"154","time","uniform","4","100","1","GUDHI","0.062196361948736","0.0627170429797843","0.0628086649812758","0.0614167748717591","0.0626736439298838","0.0619084759382531","0.0620995978824794","0.061363385990262","0.0626741939922795","0.0613211890449747"
"155","time","uniform","5","100","1","GUDHI","0.0639115929370746","0.0670514989178628","0.0640510378871113","0.062246567918919","0.0619763649301603","0.0628298269584775","0.0646463820012286","0.0623059469508007","0.0623605109285563","0.0629921869840473"
"156","time","uniform","2","125","1","GUDHI","0.143562096985988","0.142425391008146","0.142497009015642","0.141013977117836","0.141406691982411","0.140867571928538","0.141399141051807","0.141430850024335","0.142518887063488","0.141588735044934"
"157","time","uniform","3","125","1","GUDHI","0.142228684970178","0.138925667037256","0.140579419094138","0.142487791948952","0.136955199996009","0.138121425989084","0.138526101014577","0.137926473049447","0.13847083307337","0.137276679044589"
"158","time","uniform","4","125","1","GUDHI","0.13694815908093","0.139153594034724","0.136346101993695","0.140310397138819","0.140187396085821","0.137974273995496","0.136733447085135","0.138303128071129","0.13715184002649","0.137345985043794"
"159","time","uniform","5","125","1","GUDHI","0.137775688897818","0.138660907861777","0.137349957949482","0.144763147924095","0.139011567924172","0.13872903585434","0.137915305909701","0.135079860803671","0.138869971851818","0.137036666856147"
"160","time","uniform","2","150","1","GUDHI","0.281966523034498","0.279326966148801","0.282655242132023","0.273024869034998","0.279423692030832","0.278716968139634","0.280559491016902","0.279355745064095","0.275326040107757","0.282694280031137"
"161","time","uniform","3","150","1","GUDHI","0.273290556040592","0.272570247994736","0.270452347001992","0.275547511992045","0.277717167977244","0.278311720932834","0.276578308083117","0.273245021002367","0.272213449003175","0.272896856069565"
"162","time","uniform","4","150","1","GUDHI","0.283750553033315","0.278596530086361","0.276925000012852","0.274133663973771","0.279946343973279","0.271097934106365","0.272680012043566","0.282344012055546","0.28361007606145","0.285626650089398"
"163","time","uniform","5","150","1","GUDHI","0.275342042092234","0.278582398081198","0.2719652550295","0.276995412074029","0.279253212036565","0.281467679073103","0.274423501105048","0.273724824073724","0.271268290001899","0.274430474149995"
"164","time","uniform","2","175","1","GUDHI","0.484205365995876","0.475758788990788","0.491033393074758","0.482165590976365","0.482451127027161","0.479192334925756","0.481538271997124","0.482951503014192","0.491571396938525","0.471713850973174"
"165","time","uniform","3","175","1","GUDHI","0.476981434971094","0.471126644988544","0.477771437959746","0.476538955001161","0.478171347989701","0.480768774054013","0.485125417006202","0.482092811027542","0.477908907923847","0.476016578031704"
"166","time","uniform","4","175","1","GUDHI","0.4916656879941","0.481554580037482","0.478293719002977","0.488442634930834","0.481815774925053","0.483655981021002","0.480154983117245","0.488886418985203","0.476465945015661","0.493516640039161"
"167","time","uniform","5","175","1","GUDHI","0.490947959013283","0.48112482810393","0.495581905008294","0.48855672206264","0.4846260570921","0.481099973083474","0.493402268039063","0.48430847900454","0.473418510984629","0.482079760055058"
"168","time","uniform","2","200","1","GUDHI","0.761654149042442","0.781159751000814","0.776600018958561","0.761814883095212","0.771406273008324","0.774282337049954","0.761511391028762","0.761355477035977","0.756791869993322","0.752344788983464"
"169","time","uniform","3","200","1","GUDHI","0.760256589041092","0.740092128980905","0.744768662028946","0.75694949796889","0.743172529037111","0.747389137046412","0.759113912004977","0.742174559971318","0.744607845088467","0.753717256011441"
"170","time","uniform","4","200","1","GUDHI","0.779794472036883","0.781948158051819","0.789855794981122","0.772425219067372","0.784622516017407","0.770028657047078","0.768178813974373","0.769709246000275","0.786889926996082","0.782928475062363"
"171","time","uniform","5","200","1","GUDHI","0.764104214962572","0.748638437013142","0.736573820002377","0.750685314997099","0.747667499934323","0.74145274492912","0.744777866872028","0.758266534889117","0.74901127803605","0.753578330972232"
"172","time","uniform","2","225","1","GUDHI","1.16745863400865","1.17407026304863","1.16482820804231","1.15430026012473","1.16680396301672","1.15392593492288","1.1564260070445","1.14786876004655","1.15852475701831","1.15554827696178"
"173","time","uniform","3","225","1","GUDHI","1.17533192096744","1.16493930888828","1.19592855300289","1.16332852200139","1.17911500099581","1.17687724495772","1.18081416992936","1.19343429093715","1.1680976159405","1.18386879295576"
"174","time","uniform","4","225","1","GUDHI","1.16598138387781","1.17967059893999","1.16308191895951","1.17166851495858","1.16733974392992","1.15104640286881","1.18034274387173","1.16210108390078","1.14867844898254","1.15111341688316"
"175","time","uniform","5","225","1","GUDHI","1.16126532503404","1.13084229605738","1.15121853898745","1.13427490799222","1.15852156106848","1.14141834713519","1.15841934201308","1.12611543305684","1.13926938106306","1.14201884297654"
"176","time","uniform","2","250","1","GUDHI","1.73097379610408","1.7481230860576","1.74098779808264","1.72068381600548","1.72289644693956","1.72248628304806","1.7183772190474","1.71599212801084","1.7348654139787","1.71059520810377"
"177","time","uniform","3","250","1","GUDHI","1.74411042907741","1.73899312410504","1.72846071713138","1.72982086706907","1.74450947600417","1.74135533010121","1.76122045109514","1.65888171514962","1.64838958811015","1.6227447349811"
"178","time","uniform","4","250","1","GUDHI","1.64123388403095","1.65756946709007","1.63716110796668","1.64529692009091","1.64443161303643","1.65229917108081","1.65824535104912","1.65492674405687","1.64422481507063","1.66304917505477"
"179","time","uniform","5","250","1","GUDHI","1.67161416704766","1.67493942996953","1.69854670204222","1.68161849596072","1.68326028692536","1.65830023190938","1.66393216897268","1.66819180094171","1.66954892990179","1.66385203204118"
"180","time","uniform","2","275","1","GUDHI","2.27172520803288","2.29056051606312","2.32029053801671","2.31913042999804","2.27848257299047","2.32387687102892","2.35035028704442","2.28697052598","2.27840049704537","2.33596503699664"
"181","time","uniform","3","275","1","GUDHI","2.34246685402468","2.27604271902237","2.31574794102926","2.31969369994476","2.33163531892933","2.33877939602826","2.31744882802013","2.34023239801172","2.33694676600862","2.33651524200104"
"182","time","uniform","4","275","1","GUDHI","2.33033712103497","2.2767515060259","2.28802863101009","2.32597606105264","2.32119651103858","2.32840236206539","2.308753223042","2.3192664179951","2.31343728106003","2.3067796289688"
"183","time","uniform","5","275","1","GUDHI","2.34591555502266","2.33437015605159","2.32626207708381","2.31009426701348","2.2947412939975","2.33030220703222","2.34649123903364","2.34876758197788","2.3746342259692","2.40189136599656"
"184","time","uniform","2","300","1","GUDHI","3.09804024302866","3.09076252602972","3.03487810504157","3.10746941505931","3.04538084811065","3.04802992497571","3.05113493104","3.11851805902552","3.04581042402424","3.07003927603364"
"185","time","uniform","3","300","1","GUDHI","3.16052709997166","3.11771848297212","3.18085059395526","3.11995119194034","3.17050805594772","3.16389441501815","3.20961707783863","3.20331974700093","3.17292699695099","3.21904088102747"
"186","time","uniform","4","300","1","GUDHI","3.09373585006688","3.14674558409024","3.09449603396934","3.1366718049394","3.10255207295995","3.18900025496259","3.10611068294384","3.19746863504406","3.14762632700149","3.09130074409768"
"187","time","uniform","5","300","1","GUDHI","3.03847859892994","3.12137253396213","3.12501941702794","3.10994013899472","3.15590347605757","3.13184505305253","3.19573990697972","3.07797001593281","3.04493303992786","3.11909322289284"
"188","time","uniform","2","325","1","GUDHI","4.18374352506362","4.21819345001131","4.17385502601974","4.18701698107179","4.13240073702764","4.13186488603242","4.21492716704961","4.21039562800433","4.20776279596612","4.12876093899831"
"189","time","uniform","3","325","1","GUDHI","4.11019807192497","4.19519878097344","4.19721885002218","4.1008868800709","4.12493028002791","4.19786174199544","4.09613811294548","4.11720667802729","4.21025372808799","4.11958826403134"
"190","time","uniform","4","325","1","GUDHI","4.10938202694524","4.19084865192417","4.22130279790144","4.1081869918853","4.17375904601067","4.74196917004883","4.47041239903774","4.6691932650283","4.33533907495439","4.07275320996996"
"191","time","uniform","5","325","1","GUDHI","4.07033767201938","4.15894126810599","4.06974862702191","4.18014787498396","4.09752303699497","4.27924493711907","4.07205272605643","4.07683981698938","4.06360189407133","4.2307292339392"
"192","time","uniform","2","350","1","GUDHI","5.25653816596605","5.32367662689649","5.36404774396215","5.54168914596085","5.3255290290108","5.2371244590031","5.25049496500287","5.26099341502413","5.26207659498323","5.36223715799861"
"193","time","uniform","3","350","1","GUDHI","5.34326928993687","5.32012256095186","5.23937503597699","5.23483576194849","5.23859274992719","5.24548516306095","5.25320363696665","5.37997451308183","5.2988659091061","5.29609956196509"
"194","time","uniform","4","350","1","GUDHI","5.21243967802729","5.26101871998981","5.20393108995631","5.32444856804796","6.42307191609871","6.41714193997905","6.30142978194635","6.39430787309539","6.38159346301109","6.20406908809673"
"195","time","uniform","5","350","1","GUDHI","6.07887538999785","5.77534380811267","5.79416577890515","5.76059139100835","5.86956681997981","5.83335138997063","5.82100776291918","5.81889803800732","5.74783857807051","5.73980159196071"
"196","time","uniform","2","375","1","GUDHI","7.34636886592489","7.37429498403799","7.46838970994577","7.38988235907163","7.3364578189794","7.40389535494614","7.32398804102559","7.4368249370018","7.36421837401576","7.37272655009292"
"197","time","uniform","3","375","1","GUDHI","7.2374543719925","7.2640632679686","7.31177571299486","7.27213366900105","7.28608240699396","7.32795505400281","7.37350084399804","7.28070064110216","8.39120818604715","7.40385388291907"
"198","time","uniform","4","375","1","GUDHI","7.33429582009558","7.45962431910448","7.4494096460985","7.32710257917643","7.321794310119","7.40290539700072","7.44219681911636","6.6820203961106","6.65508039901033","6.71846139803529"
"199","time","uniform","5","375","1","GUDHI","6.61408263689373","6.66098385304213","6.631736351992","6.7583799570566","6.72993921302259","6.73462160991039","6.67272882186808","6.74963171489071","6.76864109304734","6.7225893039722"
"200","time","uniform","2","400","1","GUDHI","7.91206611797679","7.8748410519911","7.90462973108515","7.88074096408673","7.95429864607286","7.88130138406996","7.88017089711502","7.86322582815774","7.93645925307646","7.95197770709638"
"201","time","uniform","3","400","1","GUDHI","7.96132822509389","8.07080781296827","8.05185734201223","8.0850183670409","8.08716234914027","8.05409851507284","7.98929711198434","8.11051230411977","8.12459216511343","8.09503474005032"
"202","time","uniform","4","400","1","GUDHI","8.12945563311223","8.08867584413383","8.03865022712853","8.09318275412079","8.11794869310688","8.10054127709009","8.04516620503273","8.10547168902121","8.13234936608933","8.02862833207473"
"203","time","uniform","5","400","1","GUDHI","8.07373413315509","7.98174721305259","7.97598194307648","7.84537042712327","9.30593941616826","9.20691857114434","7.88735538814217","7.69280112604611","7.78434298117645","7.77021124504972"
"204","time","uniform","2","425","1","GUDHI","9.5594326070277","9.50190689205192","9.53929822903592","9.75942122505512","9.45554900506977","9.55494108609855","9.47791898902506","9.9228158131009","9.39562095410656","9.43257812305819"
"205","time","uniform","3","425","1","GUDHI","9.46484600391705","9.42395644984208","9.65859753394034","9.36314436688554","9.51872099284083","11.4198184768902","11.4569562198594","11.5564471248072","10.945745473844","10.8955070829252"
"206","time","uniform","4","425","1","GUDHI","10.5523390289163","10.6485694979783","10.6482790280133","10.4250168489525","10.4223804960493","10.6106102098711","10.6550172389252","10.5146045509027","10.5214728099527","10.5472536759917"
"207","time","uniform","5","425","1","GUDHI","10.4659583920147","10.5198060530238","10.5139695570106","10.4763518749969","10.5573890219675","10.5465192210395","10.6144930861192","10.6094630520092","10.5242035550764","10.4558949210914"
"208","time","uniform","2","450","1","GUDHI","13.2103388570249","13.1191802469548","12.1198643830139","12.042514516972","11.9407997569069","12.0791136560729","12.1218517150264","12.0275011989288","12.1160913880449","12.0740452290047"
"209","time","uniform","3","450","1","GUDHI","12.0572366360575","12.1986205510329","12.0841246970231","12.1582019010093","12.1731752379565","12.2971353980247","12.2976486190455","12.2247111649485","12.2527673990699","12.1887207929976"
"210","time","uniform","4","450","1","GUDHI","11.9869792509126","11.9853775380179","11.9531851339852","11.8470819179201","11.891555864946","11.9364139209501","11.9129253049614","12.1029177010059","11.9802910409635","11.989486881881"
"211","time","uniform","5","450","1","GUDHI","12.0068745651515","12.0085642670747","13.2273408160545","13.1616256120615","11.9128658240661","11.8345665560337","11.7654733401723","11.7989932550117","11.8474886830663","11.8087791210273"
"212","time","uniform","2","475","1","GUDHI","14.0290622899774","14.4192953450838","13.9328372799791","13.8727348319953","14.0444933229592","14.4586464660242","14.2710049520247","15.9253480819752","16.638322704006","16.1000152250053"
"213","time","uniform","3","475","1","GUDHI","15.2063508009305","15.1283519158605","15.0151188429445","15.0214702319354","15.1399403259857","15.073738841922","15.2108720638789","15.2625179789029","15.4097210839391","15.1974025529344"
"214","time","uniform","4","475","1","GUDHI","15.2349784040125","15.1315488750115","15.1918619669741","15.2393690320896","15.243986284011","15.1825226340443","15.2413242560579","14.1065196550917","14.2637747100089","14.0979723030468"
"215","time","uniform","5","475","1","GUDHI","14.3733495890629","14.3655872680247","14.2498968349537","14.3933917750837","14.2072168349987","14.3695837350097","14.2599395660218","13.9766262340127","14.0778078651056","14.2785632710438"
"216","time","uniform","2","500","1","GUDHI","17.0756217868766","16.9067704469198","17.1772189928452","17.0708226119168","17.0067402558634","17.0933079759125","16.9624032139545","17.1142332499148","17.0997119329404","16.8796946108341"
"217","time","uniform","3","500","1","GUDHI","16.0317262570607","16.0705808660714","16.0862957889913","16.1273688540095","16.0646993330447","16.2989629390649","15.9779209970729","16.3131928569637","16.1888245060109","16.1810329940636"
"218","time","uniform","4","500","1","GUDHI","17.2926674700575","17.4011840070598","17.3571587121114","17.3220229579601","17.4721004019957","17.6143924820935","17.399006015039","17.4291460830718","17.4070268960204","17.3842308730818"
"219","time","uniform","5","500","1","GUDHI","18.0010467220563","16.512028489029","16.2441067601321","16.3116110041738","16.2672276720405","16.1707724350272","16.1853232380236","16.0821124610957","16.5494159630034","16.0895299930125"
"220","time","uniform","3","20","2","GUDHI","0.00309253006707877","0.00304162106476724","0.00304168800357729","0.00304327392950654","0.00303522101603448","0.00307125097606331","0.00303264998365194","0.00303379504475743","0.00302582792937756","0.00304666103329509"
"221","time","uniform","4","20","2","GUDHI","0.00312763697002083","0.0030081138247624","0.00300839089322835","0.0030127038480714","0.00300656992476434","0.00301181594841182","0.00301289791241288","0.00300489086657763","0.00301448488608003","0.00302864192053676"
"222","time","uniform","5","20","2","GUDHI","0.0030867689056322","0.00308827497065067","0.00307622901163995","0.00305916601791978","0.00306787097360939","0.00307823694311082","0.00307682307902724","0.0030782480025664","0.00308920897077769","0.0030821239342913"
"223","time","uniform","3","40","2","GUDHI","0.0439893020084128","0.0443539170082659","0.0440235490677878","0.0440118151018396","0.0439894091105089","0.0439289881614968","0.0446434940677136","0.0446945311268792","0.044716589152813","0.0446830131113529"
"224","time","uniform","4","40","2","GUDHI","0.0445128000574186","0.0445459361653775","0.0443370650755242","0.0443679600721225","0.0443591300863773","0.0443050031317398","0.0443315730663016","0.0442254210356623","0.0435549891553819","0.0435595620656386"
"225","time","uniform","5","40","2","GUDHI","0.0441286020213738","0.0441099939635023","0.043653812026605","0.0436212950153276","0.0435497500002384","0.0435686380369589","0.0436624629655853","0.0436127980938181","0.0431112850783393","0.0431190710514784"
"226","time","uniform","3","60","2","GUDHI","0.248669337015599","0.248670657980256","0.248312251991592","0.248903093975969","0.248666498926468","0.251940595917404","0.248146094032563","0.247967788949609","0.248307153931819","0.247713851975277"
"227","time","uniform","4","60","2","GUDHI","0.282891341019422","0.287737381993793","0.281891059945337","0.281722188927233","0.281713102012873","0.287308249040507","0.282295168959536","0.27785919199232","0.287103842012584","0.283553534070961"
"228","time","uniform","5","60","2","GUDHI","0.254609094932675","0.252740661962889","0.259241727995686","0.254247092991136","0.25409406691324","0.259474104968831","0.255774665973149","0.251899498980492","0.251231987960637","0.252706424915232"
"229","time","uniform","3","80","2","GUDHI","1.30007823812775","1.28736991307233","1.27634117810521","1.30307421600446","1.28075511904899","1.30247294402216","1.26698323211167","1.28253393108025","1.30339397396892","1.29102913814131"
"230","time","uniform","4","80","2","GUDHI","1.1472762710182","1.10504284594208","1.13323645596392","1.10841122199781","1.12834876694251","1.13902823789977","1.09954252291936","1.10596575692762","1.11196355102584","1.10519598599058"
"231","time","uniform","5","80","2","GUDHI","1.10791791998781","1.10464179806877","1.1059487221064","1.13471040595323","1.13518252607901","1.13010637601838","1.14554351696279","1.12427057395689","1.14133686607238","1.14058115403168"
"232","time","uniform","3","100","2","GUDHI","3.72146841790527","3.66972520085983","3.70984137395862","3.77975655987393","3.70315736287739","3.75535927491728","3.76471235882491","3.77195615286473","3.7209448039066","3.75587363983504"
"233","time","uniform","4","100","2","GUDHI","3.55891029303893","3.50474911311176","3.5809429230867","3.58419992402196","3.54573279700708","3.62901337002404","4.56781940010842","4.58851040399168","4.54292895214166","4.49167403206229"
"234","time","uniform","5","100","2","GUDHI","3.79269985493738","3.78209551086184","3.7520124069415","3.83713121898472","3.77283032692503","3.79615935205948","3.73336829303298","3.75536522793118","3.77371385891456","3.78074154397473"
"235","time","uniform","3","120","2","GUDHI","9.59677061100956","8.91399531799834","9.1029688649578","8.98572645604145","8.723976328969","8.99407878704369","8.97789443202782","9.02459162811283","8.96444699307904","8.77239676902536"
"236","time","uniform","4","120","2","GUDHI","9.77793845604174","8.76064066798426","8.76513171498664","8.82535943191033","8.80193904205225","8.80703950102907","8.86221708299126","8.86983680003323","9.0698428270407","8.66437144798692"
"237","time","uniform","5","120","2","GUDHI","9.20895281003322","9.30232005496509","8.99553444306366","9.21044790395536","9.08587458403781","8.96116557915229","9.19290647108573","8.99750257097185","8.95265349606052","8.91444754914846"
"238","time","uniform","3","140","2","GUDHI","17.3116548850667","17.0120743040461","17.0380222359672","17.2559915240854","16.910863744095","19.8076693030307","19.5096939449431","18.9400625029812","18.3576030109543","18.3820284761023"
"239","time","uniform","4","140","2","GUDHI","17.1931081190705","16.9449523740914","16.8868981950218","17.3056287650252","17.10900442407","16.3581233080477","15.7177734599682","16.2573060300201","15.8123611109331","15.8858510280261"
"240","time","uniform","5","140","2","GUDHI","17.8454898440978","17.9007185520604","17.5652289789869","17.9149032321293","17.8553756420733","17.7707566421013","17.8159876550781","17.7708928229986","17.7739770350745","17.6037183840526"
"241","time","uniform","3","160","2","GUDHI","28.9890633940231","29.1348118070746","28.8223455221159","29.0335763491457","29.2620349590434","29.398212988046","29.4033893931191","29.196760712075","28.6047560240841","29.1932239569724"
"242","time","uniform","4","160","2","GUDHI","28.9117375310743","28.502821833943","28.2798240099801","28.735418115044","28.6444120539818","28.3793025389314","29.0477106940234","28.5118547839811","28.3338631910738","28.5600497520063"
"243","time","uniform","5","160","2","GUDHI","28.651751545025","28.5832080870168","28.6901872010203","29.0030955049442","28.3472939019557","28.6461805499857","30.9005182310939","31.2593834890286","30.5944215169875","30.4747303560143"
"244","time","uniform","3","180","2","GUDHI","50.4567064510193","50.8519910350442","50.2902736540418","50.5615969150094","50.878103457042","50.1224836820038","52.0830540320603","49.88700105506","50.4763809330761","49.8822664770996"
"245","time","uniform","4","180","2","GUDHI","53.5850031260634","53.5184216201305","54.5123521400383","51.7890800250461","51.633239532006","52.7475678421324","50.8937118590111","52.4759739349829","52.0470923429821","51.5437360521173"
"246","time","uniform","5","180","2","GUDHI","54.8134871560615","55.085694020032","55.2313973159762","55.74340312602","54.2615226890193","51.3515316010453","51.7183687649667","51.5290513710352","51.5976947169984","51.1991961799795"
"247","time","uniform","3","200","2","GUDHI","80.1422919329489","79.2851972138742","84.6211843779311","83.5326174739748","84.0375860409113","81.6479725299869","80.7493640129687","80.8303332979558","78.4618820539908","80.7297331430018"
"248","time","uniform","4","200","2","GUDHI","81.7737079500221","82.6987680069869","82.8325091579463","82.8173506050371","88.2791199829662","87.5940063769231","87.708322815015","87.1117288409732","88.0340610069688","87.2747851150343"
"249","time","uniform","5","200","2","GUDHI","85.1840502270497","85.3215531620663","84.8404371329816","85.2933139450615","84.7568768929923","86.0167144770967","86.9517156151123","84.1432864979142","87.3154708570801","86.2077616730239"
"250","time","uniform","3","220","2","GUDHI","127.716902903048","128.527436502045","129.670190787991","128.880659129936","131.138827724964","129.795238759019","129.384294669027","129.370400610031","128.610457502073","129.738673606073"
"251","time","uniform","4","220","2","GUDHI","132.58766892401","132.426830004901","132.696254477953","132.976871600957","133.194559278898","133.349600094021","133.817255103961","132.70863545395","133.274853229872","135.220608969918"
"252","time","uniform","5","220","2","GUDHI","137.917055872036","138.666424029041","138.530278449995","137.822782938019","136.661044309149","136.711313409149","138.536904965062","138.911290102056","136.618426690111","136.119114304078"
"253","time","uniform","3","240","2","GUDHI","179.082892347011","179.940617167042","181.143202875042","181.869660456083","181.465559044038","182.52884788299","180.203147043125","179.651477314997","182.261880455073","179.210957505042"
"254","time","uniform","4","240","2","GUDHI","182.953001937945","186.517828552052","185.092916565016","184.09652080806","186.202835207107","185.388708162005","184.440080070053","187.053794779931","185.848973928019","185.957125505083"
"255","time","uniform","5","240","2","GUDHI","192.46939212014","192.487803710042","190.480578214047","191.06067548017","189.680950154085","188.702800871106","189.155453503132","188.676602605032","185.970949131995","185.50813036412"
"256","time","uniform","3","260","2","GUDHI","276.898585948977","281.122780577978","280.61065114208","282.263070445973","277.574628785951","278.065792456968","276.050515271956","276.584518908057","277.358845688053","280.747115710983"
"257","time","uniform","4","260","2","GUDHI","254.91943039","255.298826331971","259.324505148921","257.248772968072","257.357874551089","260.341933422955","255.912945388001","256.584357778891","256.252273607999","257.523122890969"
"258","time","uniform","5","260","2","GUDHI","268.64026937203","273.157276971964","275.261728851008","272.028379919007","271.052314297063","273.321352020954","271.536565175978","271.444982571062","268.617788127973","274.545274263946"
"259","time","uniform","3","280","2","GUDHI","374.737587759038","375.062421774026","376.496067399974","383.794805501006","383.39904632594","369.316553612007","367.213006186998","375.051469066995","370.567428948008","371.102629581932"
"260","time","uniform","4","280","2","GUDHI","403.605121362954","402.619581826031","401.38501180103","402.896020033048","402.00230288296","408.658344994066","1284.32066852297","1118.86207471509","1370.950015218","8643.28734221403"
"261","time","uniform","5","280","2","GUDHI","348.796015741071","349.924604143016","344.850693276036","355.960170369013","357.57617204811","568.107134602149","506.701444628998","511.325431695092","383.78055507713","737.736062347074"
"262","time","uniform","3","300","2","GUDHI","520.45607576007","734.578636683058","1216.06967682508","881.405657075113","9766.64940956002","518.15258953406","535.074965237989","535.735814438085","529.111531454022","530.069642733084"
"263","time","uniform","4","300","2","GUDHI","1261.84278833214","1246.4267119451","1116.53038882907","1086.6620601241","4179.14969749609","1020.72547139402","586.429798227036","486.899225751054","503.708765069023","515.164625779144"
"264","time","uniform","5","300","2","GUDHI","862.021614609985","554.591464873985","1369.96486421698","954.613820590079","613.833717969945","642.95202332898","585.841465370962","593.688834268018","503.146808093064","1377.1819081601"
"265","time","uniform","4","10","3","GUDHI","0.00669609301257879","0.0293481260305271","0.00160065107047558","0.0138945661019534","0.0036042770370841","0.0192365810507908","0.0116562010953203","0.0177356960484758","0.0114406460197642","0.00157675007358193"
"266","time","uniform","5","10","3","GUDHI","0.00179145601578057","0.0200620100367814","0.00164895807392895","0.00158845796249807","0.032646197010763","0.0136390670668334","0.0106333690928295","0.00161554291844368","0.00959384103771299","0.0044854860752821"
"267","time","uniform","4","20","3","GUDHI","0.0700617959955707","0.041875945054926","0.0374825550243258","0.0501634940737858","0.0373386379797012","0.0469100079499185","0.0373240980552509","0.0508969500660896","0.0375181690324098","0.0433939059730619"
"268","time","uniform","5","20","3","GUDHI","0.0611228741472587","0.0776953420136124","0.0399239851394668","0.0809750141343102","0.0433087800629437","0.0441707790596411","0.0373783891554922","0.0721490799915045","0.0530984741635621","0.0372443321393803"
"269","time","uniform","4","30","3","GUDHI","0.284752756007947","0.28368601296097","0.19522145902738","0.0959191790316254","0.115511098993011","0.123747017001733","0.131473773042671","0.261474115075544","0.269074463052675","0.214273378951475"
"270","time","uniform","5","30","3","GUDHI","0.302299476112239","0.290277682128362","0.282194716157392","0.272824624087662","0.264725854038261","0.21322445909027","0.218688421067782","0.187043860089034","0.20076990511734","0.186794177163392"
"271","time","uniform","4","40","3","GUDHI","0.953090066905133","0.659835417987779","0.628111799014732","0.61623148387298","0.599989128997549","1.15214893291704","0.632067929953337","0.929042726987973","0.944031798979267","0.632192340912297"
"272","time","uniform","5","40","3","GUDHI","0.868179264944047","0.58921058208216","0.582967400900088","1.12096185900737","0.579811676987447","0.585965196951292","0.592478204984218","0.565266687073745","0.583577618002892","0.576636235928163"
"273","time","uniform","4","50","3","GUDHI","2.79727548803203","2.45491329603828","2.35753630404361","2.396295174025","2.34823963907547","2.36042120400816","2.34110018599313","2.38752292399295","2.37233989592642","2.44427307904698"
"274","time","uniform","5","50","3","GUDHI","2.68492088012863","2.40727476705797","2.44074697804172","2.48821060801856","2.46302635408938","2.42125273996498","2.46932580706198","2.42759923101403","2.46182914008386","2.41594291711226"
"275","time","uniform","4","60","3","GUDHI","6.91179657599423","6.80512677389197","6.76413563394453","6.83474648802076","6.900741816964","6.7371284510009","6.70430106506683","6.85628016002011","6.94833998300601","6.76025243499316"
"276","time","uniform","5","60","3","GUDHI","7.71955943293869","7.23594506585505","7.04824282194022","7.05651864397805","7.1111152539961","7.06420092587359","7.08585636189673","7.10843257093802","7.03637813497335","7.27161563793197"
"277","time","uniform","4","70","3","GUDHI","18.3291128689889","17.5923446199158","17.745976596023","17.7188802539604","17.6728103779024","18.2935981939081","17.6805728669278","17.6793488319963","17.7071444620378","17.870725135901"
"278","time","uniform","5","70","3","GUDHI","17.883814943023","18.0285994940205","17.7202616679715","18.201004159986","18.0453712929739","18.9684950640658","19.2884993210901","18.8727563089924","18.336385078961","16.0648769780528"
"279","time","uniform","4","80","3","GUDHI","33.0775973829441","32.9447916229255","35.8216826720163","35.3136312799761","34.5961657060543","34.4811219909461","34.8562679990428","34.3723264590371","34.5150442710146","34.2415109969443"
"280","time","uniform","5","80","3","GUDHI","38.02897678304","38.1267881870735","37.6809915481135","36.7205518271076","36.6271851999918","37.1539204471046","36.5845290970756","36.6763146540616","37.3348151050741","36.8219467471354"
"281","time","uniform","4","90","3","GUDHI","66.5420466900105","66.9906005519442","67.8273463669466","67.2633283470059","66.4835356900003","65.8220198880881","65.9086999250576","65.6445211860118","66.6741521339864","65.2186697350116"
"282","time","uniform","5","90","3","GUDHI","72.3849346721545","72.2404011271428","71.661021544016","70.7077381520066","70.6883016891079","70.7240962050855","71.4751583361067","72.8860423681326","72.5943020940758","71.7701468350133"
"283","time","uniform","4","100","3","GUDHI","135.321988638025","135.175071031903","132.108467741869","134.769242741051","134.345194882015","133.597808766994","135.524006832973","132.73064703506","131.911028110888","136.375418663956"
"284","time","uniform","5","100","3","GUDHI","121.214060856029","121.509036259959","120.944953932078","121.524037560099","122.355886756908","121.138442525989","121.893730870099","122.248504078016","121.605477620033","122.059146306943"
"285","time","uniform","4","110","3","GUDHI","229.511704974924","228.142765580909","227.653913966846","226.990380212897","226.60869850195","228.373079618905","227.174664790859","230.452283808962","228.519262785907","228.703272195999"
"286","time","uniform","5","110","3","GUDHI","208.959997321945","207.594684054027","210.028000010061","210.622579053044","209.720469271997","208.636906881002","204.208470802987","210.198025917984","210.757056650007","210.329198350082"
"287","time","uniform","4","120","3","GUDHI","342.966474288958","334.252184790093","337.220062513021","340.352117319009","333.848329565953","336.767270657001","335.686856348999","344.30133303511","345.676890074043","341.105445147026"
"288","time","uniform","5","120","3","GUDHI","326.498565342976","330.957613090985","330.08006541105","324.272893894115","326.318075952935","331.301754693966","329.297056201031","329.942468980094","321.704603055958","329.909630010021"
"289","time","uniform","5","10","4","GUDHI","0.000960689038038254","0.00653391901869327","0.0058836629614234","0.00580426002852619","0.0126935080625117","0.00408385694026947","0.000961587997153401","0.00397670094389468","0.00465329305734485","0.00342621305026114"
"290","time","uniform","5","15","4","GUDHI","0.00784022710286081","0.0133774820715189","0.00717780005652457","0.00732679106295109","0.00713182904291898","0.00729699013754725","0.00730587902944535","0.00711916317231953","0.0106993081280962","0.00716344802640378"
"291","time","uniform","5","20","4","GUDHI","0.0424036149634048","0.0439256730023772","0.042298554093577","0.0474228840321302","0.0488767010392621","0.045522837084718","0.0422328490531072","0.0422211319673806","0.0424172130879015","0.0421452400041744"
"292","time","uniform","5","25","4","GUDHI","0.18100545310881","0.183700082940049","0.181727725081146","0.180536065017805","0.182446966064163","0.180171628016979","0.186538247042336","0.184572828002274","0.18732833606191","0.179631749982946"
"293","time","uniform","5","30","4","GUDHI","0.816518862033263","0.8339396630181","0.820073061040603","0.813415338052437","0.821882607066073","0.827946127974428","0.817065385053866","0.815797123126686","0.820407005026937","0.82936979806982"
"294","time","uniform","5","35","4","GUDHI","2.72382616612595","2.7789244260639","2.76925224601291","2.73739356303122","2.73619708814658","2.73288846714422","2.77407208003569","2.74348568008281","2.69770789600443","2.77740764711052"
"295","time","uniform","5","40","4","GUDHI","6.94440184102859","6.96692294406239","6.92763792304322","6.90773133793846","6.93232387804892","6.77965617203154","6.9418069840176","6.94133116002195","6.93548124702647","6.88358291704208"
"296","time","uniform","5","45","4","GUDHI","15.0931517069694","15.056746885879","15.421239356976","16.5672800960019","15.8406713589793","15.6640064870007","15.5740612798836","16.3947698329575","16.1473707240075","15.5737532629864"
"297","time","uniform","5","50","4","GUDHI","29.332951399032","29.7238305540523","29.8562483530259","29.808696373133","29.9202377810143","30.4654494711431","32.8087439901428","31.3674382050522","32.7386213301215","31.4018956851214"
"298","time","uniform","5","55","4","GUDHI","59.1603002379416","58.7117641230579","63.8254216980422","64.8601672981167","59.3605324670207","58.9738704969641","60.4793547829613","60.6496640029363","62.3434372639749","61.7696281049866"
"299","time","uniform","5","60","4","GUDHI","113.653399281087","107.138319886988","111.112097931094","113.965480452054","107.009810221032","108.91571950214","112.542962066014","105.629185224068","107.932354940102","112.425842551165"
"300","time","uniform","5","65","4","GUDHI","211.989448760054","219.047807376017","207.690741739003","212.187378222006","192.479628300061","187.253453947953","187.068010943942","185.993210603017","187.396302861045","186.149797121994"
"301","time","uniform","5","70","4","GUDHI","314.67530370201","317.566782674985","313.641311016981","313.014948148048","284.493500130018","283.77135104395","281.059695541975","275.421574299107","273.322195581975","271.54318126"
"302","time","uniform","5","75","4","GUDHI","502.162227013032","484.71754785697","443.470344408066","440.128995873965","442.760601237067","484.308996221051","509.5657965641","506.055530449958","507.307596954051","507.270157105057"
